,ID,Media Time,Transcript
0,5,00:00:00.00, factor in attractive design is the ticket to exclusive high traffic areas.
1,6,00:00:00.00," with no checkbook. Isn't that wonderful? I have the oldest shark on this show that I have, and I'm telling you, you already know."
2,7,00:00:00.00, Venture debt from any firm is one thing. Venture debt from Mr. Wonderful is another thing.
3,8,00:00:00.00," So we want to at least get you an offer. Absolutely. Believe me, I was not planning on giving you a million bucks."
4,9,00:00:00.00, That's pretty much review of it.
5,10,00:22:10.00," for me in this space as well as you just because of what she does in the retail side. Also, as a personality, I think the idea of"
6,11,00:00:00.00, And I'm dropping the equity at 5%. He's dropping it. He knows what he made.
7,12,00:00:00.00, The best guys are all dead and gone
8,13,00:00:00.00, I'm about to see girl. It's day without some colors on me girl. I got a day without some ways to be girl. I'm about to see girl.
9,14,00:47:17.00,
10,15,00:53:01.00," I need to stop the light, so I can breathe out my heart."
11,16,00:00:00.00, I can fall for you again
12,17,00:37:13.00, It's harder to hold on and go Cause we don't have love like we used to
